Species_ID,Common_Name,Scientific_Name,Class,Order,Family,IUCN_Status,Risk_Score,Population_Trend,Native_Region,Countries,Habitat,Diet,Primary_Threats,Conservation_Actions,Key_Fact,Nepal_Relevance,Map_Latitude,Map_Longitude,Featured,IUCN_Source,Wikipedia_Source,Last_Reviewed
SP001,Tiger,Panthera tigris,Mammalia,Carnivora,Felidae,Endangered,4,Decreasing,Asia,India; Nepal; Bhutan; Bangladesh; China; Russia; Southeast Asia,Tropical/temperate forests; grasslands; mangroves,Carnivore,Habitat loss; fragmentation; poaching; prey depletion; conflict,Protected areas; anti-poaching; habitat corridors; prey recovery,Largest living cat species,Yes,27.5,84.4,Yes,https://www.iucnredlist.org/search?query=Panthera%20tigris&searchType=species,https://en.wikipedia.org/wiki/Tiger,2026-08-10
SP002,Asian Elephant,Elephas maximus,Mammalia,Proboscidea,Elephantidae,Endangered,4,Decreasing,South and Southeast Asia,India; Nepal; Sri Lanka; Bangladesh; Bhutan; Myanmar; Thailand; Malaysia; Indonesia,Forests; grasslands; scrub,Herbivore,Habitat loss; fragmentation; conflict; poaching,Landscape connectivity; conflict reduction; protected areas; law enforcement,Major seed disperser and ecosystem engineer,Yes,27.2,88.0,Yes,https://www.iucnredlist.org/search?query=Elephas%20maximus&searchType=species,https://en.wikipedia.org/wiki/Asian_Elephant,2026-08-10
SP003,Red Panda,Ailurus fulgens,Mammalia,Carnivora,Ailuridae,Endangered,4,Decreasing,Eastern Himalaya and SW China,Nepal; India; Bhutan; China; Myanmar,Temperate forests with bamboo understory,Mostly bamboo,Forest loss; fragmentation; livestock pressure; trapping,Community forest protection; restoration; anti-poaching; corridors,Strongly dependent on cool bamboo-rich forests,Yes,27.7,87.7,Yes,https://www.iucnredlist.org/search?query=Ailurus%20fulgens&searchType=species,https://en.wikipedia.org/wiki/Red_Panda,2026-08-10
SP004,Gharial,Gavialis gangeticus,Reptilia,Crocodylia,Gavialidae,Critically Endangered,5,Decreasing,Northern Indian subcontinent,India; Nepal,Large deep rivers with sandbanks,Mostly fish,River modification; fishing nets; sand mining; pollution,River protection; captive breeding/release; fishing regulation; nest protection,Long narrow snout specialized for fish,Yes,27.5,84.3,Yes,https://www.iucnredlist.org/search?query=Gavialis%20gangeticus&searchType=species,https://en.wikipedia.org/wiki/Gharial,2026-08-10
SP005,Greater One-horned Rhinoceros,Rhinoceros unicornis,Mammalia,Perissodactyla,Rhinocerotidae,Vulnerable,3,Increasing,South Asia,India; Nepal,Alluvial grasslands; riverine forests; wetlands,Herbivore,Poaching; invasive plants; habitat pressure; disease,Protected areas; anti-poaching; translocation; habitat management,Chitwan is a major stronghold,Yes,27.5,84.4,Yes,https://www.iucnredlist.org/search?query=Rhinoceros%20unicornis&searchType=species,https://en.wikipedia.org/wiki/Greater_One-horned_Rhinoceros,2026-08-10
SP006,Snow Leopard,Panthera uncia,Mammalia,Carnivora,Felidae,Vulnerable,3,Decreasing,Central and South Asian mountains,Nepal; India; Bhutan; China; Mongolia; Pakistan; Afghanistan; Central Asia; Russia,Alpine/subalpine mountains; rocky slopes,Carnivore,Retaliatory killing; prey decline; habitat degradation; illegal trade; climate change,Community conservation; livestock insurance; anti-poaching; habitat protection,Adapted to steep high-elevation terrain,Yes,29.3,83.8,Yes,https://www.iucnredlist.org/search?query=Panthera%20uncia&searchType=species,https://en.wikipedia.org/wiki/Snow_Leopard,2026-08-10
SP007,Chinese Pangolin,Manis pentadactyla,Mammalia,Pholidota,Manidae,Critically Endangered,5,Decreasing,South and East Asia,Nepal; India; Bhutan; Bangladesh; China; Myanmar; Vietnam; Laos,Forests; shrublands; agricultural mosaics,Ants and termites,Illegal wildlife trade; hunting; habitat loss,Trade enforcement; anti-poaching; habitat protection; rescue,Only mammals with large protective keratin scales,Yes,27.8,85.3,No,https://www.iucnredlist.org/search?query=Manis%20pentadactyla&searchType=species,https://en.wikipedia.org/wiki/Chinese_Pangolin,2026-08-10
SP008,White-rumped Vulture,Gyps bengalensis,Aves,Accipitriformes,Accipitridae,Critically Endangered,5,Decreasing,South Asia,Nepal; India; Bangladesh; Pakistan; Cambodia; Myanmar,Open country; villages; wooded areas,Scavenger,Veterinary drug poisoning; poisoning; habitat change,Vulture-safe drugs/zones; safe feeding sites; breeding; monitoring,South Asian populations crashed after diclofenac exposure,Yes,27.4,84.5,No,https://www.iucnredlist.org/search?query=Gyps%20bengalensis&searchType=species,https://en.wikipedia.org/wiki/White-rumped_Vulture,2026-08-10
SP009,Slender-billed Vulture,Gyps tenuirostris,Aves,Accipitriformes,Accipitridae,Critically Endangered,5,Decreasing,South and Southeast Asia,Nepal; India; Bangladesh; Cambodia; Myanmar,Open woodland; plains; river valleys,Scavenger,Veterinary drug poisoning; poisoning; disturbance,Vulture-safe zones; captive breeding; monitoring,One of Asia's rarest vultures,Yes,27.6,84.7,No,https://www.iucnredlist.org/search?query=Gyps%20tenuirostris&searchType=species,https://en.wikipedia.org/wiki/Slender-billed_Vulture,2026-08-10
SP010,Bengal Florican,Houbaropsis bengalensis,Aves,Otidiformes,Otididae,Critically Endangered,5,Decreasing,South and Southeast Asia,Nepal; India; Cambodia,Tall alluvial grasslands,Omnivore,Grassland conversion; inappropriate burning; agriculture; disturbance,Grassland management; protected areas; breeding-season protection,Depends on a few remaining tall-grassland landscapes,Yes,27.4,84.4,No,https://www.iucnredlist.org/search?query=Houbaropsis%20bengalensis&searchType=species,https://en.wikipedia.org/wiki/Bengal_Florican,2026-08-10
SP011,Great Hornbill,Buceros bicornis,Aves,Bucerotiformes,Bucerotidae,Vulnerable,3,Decreasing,South and Southeast Asia,India; Nepal; Bhutan; Bangladesh; Myanmar; Thailand; Malaysia; Indonesia,Evergreen and moist deciduous forests,Mostly fruit,Deforestation; hunting; loss of nesting trees,Forest protection; nest guarding; community conservation,Important seed disperser,Yes,27.1,87.9,No,https://www.iucnredlist.org/search?query=Buceros%20bicornis&searchType=species,https://en.wikipedia.org/wiki/Great_Hornbill,2026-08-10
SP012,Whale Shark,Rhincodon typus,Chondrichthyes,Orectolobiformes,Rhincodontidae,Endangered,4,Decreasing,Tropical/warm oceans worldwide,Global tropical and subtropical marine range,Open ocean; coastal feeding areas; reefs,Plankton and small nekton,Bycatch; ship strikes; fishing; marine pollution,Fishing protection; bycatch reduction; MPAs; tourism management,World's largest living fish,No,10.0,73.0,Yes,https://www.iucnredlist.org/search?query=Rhincodon%20typus&searchType=species,https://en.wikipedia.org/wiki/Whale_Shark,2026-08-10
SP013,Hawksbill Sea Turtle,Eretmochelys imbricata,Reptilia,Testudines,Cheloniidae,Critically Endangered,5,Decreasing,Tropical oceans worldwide,Atlantic; Indian; Pacific tropical nations,Coral reefs; lagoons; nesting beaches,Mostly sponges,Illegal shell trade; bycatch; nesting beach loss; climate change,Trade bans; nest protection; bycatch reduction; MPAs,Helps maintain coral-reef diversity,No,5.0,80.0,No,https://www.iucnredlist.org/search?query=Eretmochelys%20imbricata&searchType=species,https://en.wikipedia.org/wiki/Hawksbill_Sea_Turtle,2026-08-10
SP014,Bornean Orangutan,Pongo pygmaeus,Mammalia,Primates,Hominidae,Critically Endangered,5,Decreasing,Borneo,Indonesia; Malaysia,Lowland/montane tropical forests; peat swamps,Mostly fruit,Deforestation; plantations; fire; hunting; fragmentation,Forest protection; corridors; law enforcement; rehabilitation,Highly intelligent great ape and seed disperser,No,0.7,114.0,No,https://www.iucnredlist.org/search?query=Pongo%20pygmaeus&searchType=species,https://en.wikipedia.org/wiki/Bornean_Orangutan,2026-08-10
SP015,Sumatran Orangutan,Pongo abelii,Mammalia,Primates,Hominidae,Critically Endangered,5,Decreasing,Northern Sumatra,Indonesia,Tropical rainforests; peat swamps,Mostly fruit,Forest conversion; roads; fragmentation; hunting,Forest protection; land-use planning; anti-poaching; corridors,Most remaining individuals occur in northern Sumatra,No,3.5,97.5,No,https://www.iucnredlist.org/search?query=Pongo%20abelii&searchType=species,https://en.wikipedia.org/wiki/Sumatran_Orangutan,2026-08-10
SP016,Javan Rhinoceros,Rhinoceros sondaicus,Mammalia,Perissodactyla,Rhinocerotidae,Critically Endangered,5,Decreasing,Java,Indonesia,Lowland tropical rainforest,Herbivore,Tiny range; disease; natural disasters; invasive plants,Intensive protection; habitat management; disease monitoring,Survives in a single protected landscape,No,-6.75,105.3,Yes,https://www.iucnredlist.org/search?query=Rhinoceros%20sondaicus&searchType=species,https://en.wikipedia.org/wiki/Javan_Rhinoceros,2026-08-10
SP017,Sumatran Rhinoceros,Dicerorhinus sumatrensis,Mammalia,Perissodactyla,Rhinocerotidae,Critically Endangered,5,Decreasing,Sumatra and Borneo,Indonesia,Dense tropical and montane forests,Herbivore,Tiny fragmented populations; habitat loss; low breeding; poaching legacy,Protection; managed breeding; habitat conservation; surveys,Smallest living rhinoceros,No,-2.5,102.5,No,https://www.iucnredlist.org/search?query=Dicerorhinus%20sumatrensis&searchType=species,https://en.wikipedia.org/wiki/Sumatran_Rhinoceros,2026-08-10
SP018,Vaquita,Phocoena sinus,Mammalia,Artiodactyla,Phocoenidae,Critically Endangered,5,Decreasing,Northern Gulf of California,Mexico,Shallow coastal marine waters,Fish and squid,Gillnet entanglement,Gillnet elimination; enforcement; alternative gear; acoustic monitoring,Smallest geographic range of any marine cetacean,No,31.0,-114.5,Yes,https://www.iucnredlist.org/search?query=Phocoena%20sinus&searchType=species,https://en.wikipedia.org/wiki/Vaquita,2026-08-10
SP019,African Forest Elephant,Loxodonta cyclotis,Mammalia,Proboscidea,Elephantidae,Critically Endangered,5,Decreasing,Central and West African forests,Gabon; Republic of the Congo; Cameroon; Central African Republic,Tropical lowland rainforest,Herbivore,Ivory poaching; habitat loss and fragmentation,Anti-poaching; forest protection; corridors; trade controls,Major seed disperser in tropical forests,No,0.5,15.0,No,https://www.iucnredlist.org/search?query=Loxodonta%20cyclotis&searchType=species,https://en.wikipedia.org/wiki/African_Forest_Elephant,2026-08-10
SP020,African Savanna Elephant,Loxodonta africana,Mammalia,Proboscidea,Elephantidae,Endangered,4,Decreasing,Sub-Saharan Africa,Multiple countries in eastern and southern Africa,Savannas; grasslands; woodlands; wetlands,Herbivore,Ivory poaching; habitat loss; conflict,Anti-poaching; landscape protection; conflict mitigation,Largest living terrestrial animal,No,-4.0,25.0,No,https://www.iucnredlist.org/search?query=Loxodonta%20africana&searchType=species,https://en.wikipedia.org/wiki/African_Savanna_Elephant,2026-08-10
SP021,Blue Whale,Balaenoptera musculus,Mammalia,Artiodactyla,Balaenopteridae,Endangered,4,Increasing,Oceans worldwide,Global marine range,Open ocean; productive feeding grounds,Krill,Ship strikes; entanglement; underwater noise; prey changes,Shipping management; entanglement reduction; hunting prohibition,Largest animal known to have lived,No,-30.0,-100.0,Yes,https://www.iucnredlist.org/search?query=Balaenoptera%20musculus&searchType=species,https://en.wikipedia.org/wiki/Blue_Whale,2026-08-10
SP022,Eastern Gorilla,Gorilla beringei,Mammalia,Primates,Hominidae,Critically Endangered,5,Decreasing,Central Africa,DR Congo; Rwanda; Uganda,Montane and lowland tropical forests,Mainly plant material,Habitat loss; hunting; instability; disease,Protected areas; veterinary monitoring; anti-poaching; community conservation,Includes mountain and eastern lowland gorillas,No,-1.5,29.2,No,https://www.iucnredlist.org/search?query=Gorilla%20beringei&searchType=species,https://en.wikipedia.org/wiki/Eastern_Gorilla,2026-08-10
SP023,Black Rhinoceros,Diceros bicornis,Mammalia,Perissodactyla,Rhinocerotidae,Critically Endangered,5,Increasing,Eastern and southern Africa,Kenya; Namibia; South Africa; Zimbabwe; Tanzania and others,Savannas; shrublands; semi-desert,Browser / herbivore,Poaching; habitat pressure; isolated populations,Protection; translocation; population management; enforcement,Uses a pointed upper lip for browsing,No,-20.0,25.0,No,https://www.iucnredlist.org/search?query=Diceros%20bicornis&searchType=species,https://en.wikipedia.org/wiki/Black_Rhinoceros,2026-08-10
SP024,African Wild Dog,Lycaon pictus,Mammalia,Carnivora,Canidae,Endangered,4,Decreasing,Sub-Saharan Africa,Botswana; Tanzania; Kenya; Zimbabwe; South Africa; Mozambique and others,Savannas; grasslands; open woodlands,Carnivore,Fragmentation; conflict; roads; infectious disease,Connected landscapes; conflict mitigation; disease management,Highly social cooperative hunter,No,-15.0,25.0,No,https://www.iucnredlist.org/search?query=Lycaon%20pictus&searchType=species,https://en.wikipedia.org/wiki/African_Wild_Dog,2026-08-10
SP025,Bonobo,Pan paniscus,Mammalia,Primates,Hominidae,Endangered,4,Decreasing,Congo Basin,Democratic Republic of the Congo,Lowland tropical forest,Omnivore; largely fruit,Hunting; bushmeat trade; habitat loss; instability,Protected areas; law enforcement; community conservation,Occurs naturally only south of the Congo River,No,-3.5,21.5,No,https://www.iucnredlist.org/search?query=Pan%20paniscus&searchType=species,https://en.wikipedia.org/wiki/Bonobo,2026-08-10
SP026,Philippine Eagle,Pithecophaga jefferyi,Aves,Accipitriformes,Accipitridae,Critically Endangered,5,Decreasing,Philippines,Philippines,Primary and secondary tropical forest,Carnivore,Deforestation; hunting; fragmented populations,Nest protection; forest conservation; breeding; education,One of the world's largest forest eagles,No,8.0,125.0,No,https://www.iucnredlist.org/search?query=Pithecophaga%20jefferyi&searchType=species,https://en.wikipedia.org/wiki/Philippine_Eagle,2026-08-10
SP027,Saola,Pseudoryx nghetinhensis,Mammalia,Artiodactyla,Bovidae,Critically Endangered,5,Decreasing,Annamite Mountains,Laos; Vietnam,Wet evergreen and montane forests,Herbivore,Wire snares; hunting; habitat fragmentation,Snare removal; forest protection; surveys; breeding planning,Only scientifically described in 1992,No,18.0,105.5,Yes,https://www.iucnredlist.org/search?query=Pseudoryx%20nghetinhensis&searchType=species,https://en.wikipedia.org/wiki/Saola,2026-08-10
